Наименование;Артикул;Цена;Наличие
Щетка для чистки паровых трубок кофемашины Pallo Steam wanda Large ;Информация не найдена;Цена не найдена;Информация не найдена
Нож для очистки кожуры серии Sani-Safe 82 мм. Dexter-Russell S104-PCP;Информация не найдена;Цена не найдена;Информация не найдена
Сменные наконечники с латунной щетиной Pallo Brass Bristle Inserts;Информация не найдена;Цена не найдена;Информация не найдена
Разделочная доска San Jamar (белая, 152х229 мм.);Информация не найдена;Цена не найдена;Информация не найдена
Разделочная доска San Jamar (красная, 152х229 мм.);Информация не найдена;Цена не найдена;Информация не найдена
Барный коврик San Jamar VERSA-MAT;Информация не найдена;Цена не найдена;Информация не найдена
Дополнительный ярус для дегидратора L'equip;Информация не найдена;Цена не найдена;Информация не найдена
Барный коврик San Jamar VERSA-MAT;Информация не найдена;Цена не найдена;Информация не найдена
Нож для очистки кожуры с зубчатой кромкой серии V-Lo 82 мм. Dexter-Russell V105SC-PCP;Информация не найдена;Цена не найдена;Информация не найдена
Сменные наконечники Pallo Replacement Bristles LP (3-Pack) ;Информация не найдена;Цена не найдена;Информация не найдена
Сковорода для паэльи Magefesa Paella Pan 20 см;Информация не найдена;Цена не найдена;Информация не найдена
Кофеварка из алюминия 3 чашки Magefesa Colombia;Информация не найдена;Цена не найдена;Информация не найдена
Диспенсер для стаканов и крышек на 2 отделения HOGA-PL3003BK;Информация не найдена;Цена не найдена;Информация не найдена
Кофеварка из алюминия 3 чашки Magefesa Kenia Noir;Информация не найдена;Цена не найдена;Информация не найдена
Щетка для чистки кофейной группы кофемашины Pallo COFFEETOOL  (черная);Информация не найдена;Цена не найдена;Информация не найдена
Щетка для чистки кофейной группы кофемашины Pallo COFFEETOOL  (оранжевая);Информация не найдена;Цена не найдена;Информация не найдена
Щетка для чистки кофейной группы кофемашины Pallo COFFEETOOL (вишневая);Информация не найдена;Цена не найдена;Информация не найдена
Многофункциональный инструмент Pallo Caffeine Wrench  ;Информация не найдена;Цена не найдена;Информация не найдена
Вставка для крышки блендера L'equip;Информация не найдена;Цена не найдена;Информация не найдена
Кухонные ножницы для птицы серии SofGrip Dexter-Russell SGS01B-CP;Информация не найдена;Цена не найдена;Информация не найдена
Лоток для дегидратора L'euip;Информация не найдена;Цена не найдена;Информация не найдена
Подставка для чайных пакетиков на 6 отделений Mind Reader STBORG-BLK;Информация не найдена;Цена не найдена;Информация не найдена
"Мягкая, ""глухая"" крышка Blendtec ";Информация не найдена;Цена не найдена;Информация не найдена
Диспенсер для стаканов и крышек на 4 отделения HOGA-PL3004BK;Информация не найдена;Цена не найдена;Информация не найдена
Чайник 2 литра из нержавеющей стали Magefesa Nubia;Информация не найдена;Цена не найдена;Информация не найдена
Нож универсальный с зубчатой кромкой серии Sani-Safe 152 мм. Dexter-Russell  S156SC-PCP;Информация не найдена;Цена не найдена;Информация не найдена
Органайзер для стаканов, крышек, салфеток и порционных продуктов, 7-ми секционный HOGA-COMP7BK;Информация не найдена;Цена не найдена;Информация не найдена
Рукавица Bestgrip Chef Revival 810PM15;Информация не найдена;Цена не найдена;Информация не найдена
Нож овощной серии Sani-Safe 127 мм. Dexter-Russell S185;Информация не найдена;Цена не найдена;Информация не найдена
Лопатка пекарская серии Sani-Safe 203 мм. Dexter-Russell S284-8-PCP;Информация не найдена;Цена не найдена;Информация не найдена
Щетка для чистки кофемолки Pallo Grindminder;Информация не найдена;Цена не найдена;Информация не найдена
Сотейник из нержавеющей стали Magefesa Millenium 1 л;Информация не найдена;Цена не найдена;Информация не найдена
Нож универсальный с зубчатой кромкой серии V-Lo 152 мм. Dexter-Russell V156SC-PCP;Информация не найдена;Цена не найдена;Информация не найдена
Нож овощной серии Sani-Safe 152 мм. Dexter-Russell S186-PCP;Информация не найдена;Цена не найдена;Информация не найдена
Диспенсер для стаканов и крышек на 4 отделения HOGA-PL3002BK;Информация не найдена;Цена не найдена;Информация не найдена
Чайник 3 литра из нержавеющей стали Magefesa Casia;Информация не найдена;Цена не найдена;Информация не найдена
Молочник из нержавеющей стали Magefesa Ideal;Информация не найдена;Цена не найдена;Информация не найдена
Крышка дегидратора L'equip;Информация не найдена;Цена не найдена;Информация не найдена
Нож хлебный серии Sani-Safe 203 мм. Dexter-Russell S162-8SC-PCP;Информация не найдена;Цена не найдена;Информация не найдена
Подставка под кофемашину органайзер для 50 кофейных капсул Nespresso HOGA-CADP150BK;Информация не найдена;Цена не найдена;Информация не найдена
Антисептик для рук и поверхностей San Plus, спиртовой 5 л.;Информация не найдена;Цена не найдена;Информация не найдена
Перчатки для замороженных пищевых продуктов Crewware FGI-OR;Информация не найдена;Цена не найдена;Информация не найдена
Кофеварка из нержавеющей стали 4 чашки Magefesa Genova;Информация не найдена;Цена не найдена;Информация не найдена
Нож обвалочный гибкий серии Sani-Safe 152 мм. Dexter-Russell S136F-PCP;Информация не найдена;Цена не найдена;Информация не найдена
Рукавица Ultigrips Chef Revival UPM15BK;Информация не найдена;Цена не найдена;Информация не найдена
Подставка под кофемашину органайзер для 36 кофейных капсул Dolce Gusto или 48 Nespresso HOGA-CADP348BK;Информация не найдена;Цена не найдена;Информация не найдена
Поварские ножницы серии Sani-Safe 203 мм. Dexter-Russell PS02-CP;Информация не найдена;Цена не найдена;Информация не найдена
Лопатка пекарская серии Sani-Safe 254 мм. Dexter-Russell S284-10-PCP;Информация не найдена;Цена не найдена;Информация не найдена
Лопатка для глазировки серии Sani-Safe 165 мм. Dexter-Russell S284-6 1/2-PCP;Информация не найдена;Цена не найдена;Информация не найдена
Комплект из 2-х черных 9-ти секционных настольных органайзеров для стаканов, крышек, салфеток, порционных продуктов и чайных пакетов HOGA-7COMP7BLK;Информация не найдена;Цена не найдена;Информация не найдена
Нож обвалочный узкий серии Sani-Safe 152 мм. Dexter-Russell S136N-PCP;Информация не найдена;Цена не найдена;Информация не найдена
Нож-резак для пиццы серии Sani-Safe 70 мм. Dexter-Russell P3A-PCP;Информация не найдена;Цена не найдена;Информация не найдена
Нож для сэндвичей серии Sani-Safe 228 мм. Dexter-Russell S163-9SC-PCP;Информация не найдена;Цена не найдена;Информация не найдена
Прозрачная подставка Dejelin Tritan Heighter;Информация не найдена;Цена не найдена;Информация не найдена
Нож хлебный серии V-Lo 203 мм. Dexter-Russell V162-8SC-PCP;Информация не найдена;Цена не найдена;Информация не найдена
Рукавица Ultigrips Chef Revival UCMX13BK;Информация не найдена;Цена не найдена;Информация не найдена
Лопатка перфорированная для жарки рыбы серии Sani-Safe 165х76 мм. Dexter-Russell S186 1/2CP;Информация не найдена;Цена не найдена;Информация не найдена
Нож обвалочный гибкий серии V-Lo 152 мм. Dexter-Russell V136F-PCP;Информация не найдена;Цена не найдена;Информация не найдена
Вилка поварская серии Sani-Safe 330 мм. Dexter-Russell S205-PCP;Информация не найдена;Цена не найдена;Информация не найдена
Нож для сэндвичей серии V-Lo 228 мм. Dexter-Russell V163-9SC-PCP;Информация не найдена;Цена не найдена;Информация не найдена
Органайзер для стаканов, крышек, салфеток, кофейных капсул и порционных продуктов, 11-ти секционный HOGA-CADP11BK;Информация не найдена;Цена не найдена;Информация не найдена
Рукавица Ultigrips Chef Revival UCMX15BK;Информация не найдена;Цена не найдена;Информация не найдена
Лопатка для жарки серии Sani-Safe 152х76 мм. Dexter-Russell S286-6;Информация не найдена;Цена не найдена;Информация не найдена
Магнитный контейнер Urbio Perch Biggy;Информация не найдена;Цена не найдена;Информация не найдена
Нож-резак для пиццы серии Sani-Safe 101 мм. Dexter-Russell P177A-PCP;Информация не найдена;Цена не найдена;Информация не найдена
Набор столовых приборов из нержавеющей стали Magefesa Ana 24 шт. (в кейсе с магнитным замком);Информация не найдена;Цена не найдена;Информация не найдена
Устойчивая к разрезанию перчатка Spectra Crewware SG10-XL;Информация не найдена;Цена не найдена;Информация не найдена
Устойчивая к разрезанию перчатка Spectra Crewware SG10-S;Информация не найдена;Цена не найдена;Информация не найдена
Органайзер для стаканов, крышек, салфеток и порционных продуктов, 10-ти секционный HOGA-COMP10BK;Информация не найдена;Цена не найдена;Информация не найдена
Разделочная доска San Jamar (белая, 305х457 мм.);Информация не найдена;Цена не найдена;Информация не найдена
Разделочная доска San Jamar (желтая, 305х457 мм.);Информация не найдена;Цена не найдена;Информация не найдена
Разделочная доска San Jamar (зеленая, 305х457 мм.);Информация не найдена;Цена не найдена;Информация не найдена
Разделочная доска San Jamar (красная, 305х457 мм.);Информация не найдена;Цена не найдена;Информация не найдена
Магнитный органайзер комплект из 3 предметов Urbio Perch 3-Piece Starter Kit;Информация не найдена;Цена не найдена;Информация не найдена
Разделочная доска San Jamar (голубая, 305х457 мм.);Информация не найдена;Цена не найдена;Информация не найдена
Лопатка перфорированная для жарки серии Sani-Safe 203х76 мм. Dexter-Russell S286-8-PCP;Информация не найдена;Цена не найдена;Информация не найдена
Лопатка кондитерская серии Sani-Safe 203х76 мм. Dexter-Russell S286-8CP;Информация не найдена;Цена не найдена;Информация не найдена
Черный 6-ти секционный настольный органайзер для салфеток и порционных продуктов HOGA-PL30051BLK;Информация не найдена;Цена не найдена;Информация не найдена
Подставка для чайных пакетиков на 11 отделений Mind Reader TBORG-BLK;Информация не найдена;Цена не найдена;Информация не найдена
Устойчивая к разрезанию перчатка Spectra Crewware SG10-BL-L;Информация не найдена;Цена не найдена;Информация не найдена
Устойчивая к разрезанию перчатка Spectra Crewware SG10-GN-M;Информация не найдена;Цена не найдена;Информация не найдена
Устойчивая к разрезанию перчатка Spectra Crewware SG10-RD-S;Информация не найдена;Цена не найдена;Информация не найдена
Устойчивая к разрезанию перчатка Spectra Crewware SG10-RD-M;Информация не найдена;Цена не найдена;Информация не найдена
Устойчивая к разрезанию перчатка Spectra Crewware SG10-RD-L;Информация не найдена;Цена не найдена;Информация не найдена
Устойчивая к разрезанию перчатка Spectra Crewware SG10-BL-M;Информация не найдена;Цена не найдена;Информация не найдена
Устойчивая к разрезанию перчатка Spectra Crewware SG10-GN-L;Информация не найдена;Цена не найдена;Информация не найдена
Устойчивая к разрезанию перчатка Spectra Crewware SG10-Y-S;Информация не найдена;Цена не найдена;Информация не найдена
Устойчивая к разрезанию перчатка Spectra Crewware SG10-Y-M;Информация не найдена;Цена не найдена;Информация не найдена
Устойчивая к разрезанию перчатка Spectra Crewware SG10-Y-L;Информация не найдена;Цена не найдена;Информация не найдена
Нож мясницкий серии Sani-Safe 203 мм. Dexter-Russell S112-8-PCP;Информация не найдена;Цена не найдена;Информация не найдена
Лопатка для жарки серии Sani-Safe 127х101 мм. Dexter-Russell S285-4-PCP;Информация не найдена;Цена не найдена;Информация не найдена
Комплект из 3-х подставок для чайных пакетиков на 6 отделений Mind Reader STBORG-BLK;Информация не найдена;Цена не найдена;Информация не найдена
Нож поварской серии Sani-Safe 203 мм. Dexter-Russell S145-8-PCP;Информация не найдена;Цена не найдена;Информация не найдена
Стакан для блендера L'equip LB-32HP 1,7 л.;Информация не найдена;Цена не найдена;Информация не найдена
Мусат мясницкий серии Traditional 305 мм. Dexter-Russell 1212B;Информация не найдена;Цена не найдена;Информация не найдена
Черный 6-ти секционный настольный органайзер для стаканов, крышек и порционных продуктов HOGA-7COMORGBLK;Информация не найдена;Цена не найдена;Информация не найдена
Нож для готового мяса зубчатый серии Sani-Safe 305 мм. Dexter-Russell S140-12SC-PCP;Информация не найдена;Цена не найдена;Информация не найдена
Нож хлебный серии DuoGlide 190 мм. Dexter-Russell 40023;Информация не найдена;Цена не найдена;Информация не найдена
Мусат серии Traditional 305 мм. Dexter-Russell 12SXL;Информация не найдена;Цена не найдена;Информация не найдена
Лоток для яиц Dejelin;Информация не найдена;Цена не найдена;Информация не найдена
Нож поварской серии V-Lo 203 мм. Dexter-Russell V145-8-PCP;Информация не найдена;Цена не найдена;Информация не найдена
Подставка под кофемашину органайзер для 61 кофейных капсул Dolce Gusto или 96 Nespresso HOGA-CADP496BK;Информация не найдена;Цена не найдена;Информация не найдена
Разделочная доска San Jamar (белая, 381х508 мм.);Информация не найдена;Цена не найдена;Информация не найдена
Нож поварской серии Sani-Safe 254 мм. Dexter-Russell S145-10-PCP;Информация не найдена;Цена не найдена;Информация не найдена
Бамбуковый органайзер для чайных пакетиков и стаканов Mind Reader BMCOMP7-BRN;Информация не найдена;Цена не найдена;Информация не найдена
Нож поварской серии V-Lo 254 мм. Dexter-Russell V145-10-PCP;Информация не найдена;Цена не найдена;Информация не найдена
Черный 11-ти секционный настольный органайзер для стаканов, крышек, салфеток и порционных продуктов HOGA-7COMORG2BLK;Информация не найдена;Цена не найдена;Информация не найдена
Крышка для контейнера VAC-NORM 1/3;Информация не найдена;Цена не найдена;Информация не найдена
Мусат алмазный серии Sani-Safe 305 мм. Dexter-Russell DDS-12-PCP;Информация не найдена;Цена не найдена;Информация не найдена
Нож Сантоку поварской серии V-Lo 178 мм. Dexter-Russell V144-7GE-PCP;Информация не найдена;Цена не найдена;Информация не найдена
Диск FR-2+ терка с отверстиями 2 мм.;Информация не найдена;Цена не найдена;Информация не найдена
Диск FR-1 терка с отверстиями 1 мм.;Информация не найдена;Цена не найдена;Информация не найдена
Диск FR-4+ терка с отверстиями 4 мм.;Информация не найдена;Цена не найдена;Информация не найдена
Бамбуковый трехуровневый органайзер Mind Reader 3TIERBMB-BRN;Информация не найдена;Цена не найдена;Информация не найдена
Нож для готового мяса серии V-Lo 305 мм. Dexter-Russell V140-12GE-PCP;Информация не найдена;Цена не найдена;Информация не найдена
Рукавица Kool–Tek Crewware KT0115;Информация не найдена;Цена не найдена;Информация не найдена
Мусат алмазный серии V-Lo 305 мм. Dexter-Russell VS12-PCP;Информация не найдена;Цена не найдена;Информация не найдена
Подставка для снэков Mind Reader SNACKCAR-BLK;Информация не найдена;Цена не найдена;Информация не найдена
Рукавица Kool–Tek Crewware KT0215;Информация не найдена;Цена не найдена;Информация не найдена
Фарфоровое блюдо Revol 0,6 л.  ;Информация не найдена;Цена не найдена;Информация не найдена
Разделочная доска San Jamar (белая, 457х610 мм.);Информация не найдена;Цена не найдена;Информация не найдена
Разделочная доска San Jamar (зеленая, 457х610 мм.);Информация не найдена;Цена не найдена;Информация не найдена
Разделочная доска San Jamar (красная, 457х610 мм.);Информация не найдена;Цена не найдена;Информация не найдена
Абразивный камень для очистки чугунных поверхностей Krampouz APA1;Информация не найдена;Цена не найдена;Информация не найдена
Разделочная доска San Jamar (голубая, 457х610 мм.);Информация не найдена;Цена не найдена;Информация не найдена
Разделочная доска San Jamar (желтая, 457х610 мм.);Информация не найдена;Цена не найдена;Информация не найдена
Рукавица Kool–Tek Crewware KT0118K;Информация не найдена;Цена не найдена;Информация не найдена
Перчатки для морозильника Crewware 20PD;Информация не найдена;Цена не найдена;Информация не найдена
Рукавица Kool–Tek Crewware KT0115K;Информация не найдена;Цена не найдена;Информация не найдена
Нож для очистки кожуры серии Connoisseur 89 мм. Dexter-Russell 50-3 1/2-PCP;Информация не найдена;Цена не найдена;Информация не найдена
Набор посуды из нержавеющей стали Magefesa Style;Информация не найдена;Цена не найдена;Информация не найдена
Рукавицы для работы с фритюрницами Fryer Crewware 6786RMT;Информация не найдена;Цена не найдена;Информация не найдена
Магнитный органайзер комплект из 5 предметов Urbio Perch 5-Piece Starter Kit;Информация не найдена;Цена не найдена;Информация не найдена
Комплект Color kit white 34.3013.000;Информация не найдена;Цена не найдена;Информация не найдена
Диск FC-1 для нарезки ломтиками толщиной 1 мм.;Информация не найдена;Цена не найдена;Информация не найдена
Диск FC-2 для нарезки ломтиками толщиной 2 мм.;Информация не найдена;Цена не найдена;Информация не найдена
Диск FC-3 для нарезки ломтиками толщиной 3 мм.;Информация не найдена;Цена не найдена;Информация не найдена
Диск FCC-3 для нарезки ломтиками 3 мм. мягких продуктов;Информация не найдена;Цена не найдена;Информация не найдена
Диск FCC-2 для нарезки ломтиками 2 мм. мягких продуктов;Информация не найдена;Цена не найдена;Информация не найдена
Набор инструментов для жарочной поверхности Krampouz ASP1;Информация не найдена;Цена не найдена;Информация не найдена
Нож для готового мяса серии Connoisseur 305 мм. Dexter-Russell 40D-12-PCP;Информация не найдена;Цена не найдена;Информация не найдена
Набор поварских ножей из 3-х предметов серии V-Lo Dexter-Russell V3-CP;Информация не найдена;Цена не найдена;Информация не найдена
Диск-решетка FM-20 для нарезки кубиками 20x20x10 мм.;Информация не найдена;Цена не найдена;Информация не найдена
Диск-решетка FM-8 для нарезки кубиками 8x8x8 мм.;Информация не найдена;Цена не найдена;Информация не найдена
Диск-решетка FFC-10+ для нарезки брусочками 10 мм.;Информация не найдена;Цена не найдена;Информация не найдена
Диск-решетка FFC-8+ для нарезки брусочками 8 мм.;Информация не найдена;Цена не найдена;Информация не найдена
Диск-решетка FMC-10+ для нарезки кубиками 10x10x10 мм.;Информация не найдена;Цена не найдена;Информация не найдена
Диск-решетка FMC-14+ для нарезки кубиками 14x14x10 мм.;Информация не найдена;Цена не найдена;Информация не найдена
Диск-решетка FMC-20+ для нарезки кубиками 20x20x10 мм.;Информация не найдена;Цена не найдена;Информация не найдена
Диск-решетка FMC-25+ для нарезки кубиками 25x25x10 мм.;Информация не найдена;Цена не найдена;Информация не найдена
Диск-решетка FF-10 для нарезки брусочками 10 мм.;Информация не найдена;Цена не найдена;Информация не найдена
Диск-решетка FF-6 для нарезки брусочками 6 мм.;Информация не найдена;Цена не найдена;Информация не найдена
Диск-решетка FF-8 для нарезки брусочками 8 мм.;Информация не найдена;Цена не найдена;Информация не найдена
Диск FCO-3 для нарезки волнистыми ломтиками 3 мм.;Информация не найдена;Цена не найдена;Информация не найдена
Диск FCO-6 для нарезки волнистыми ломтиками 6 мм.;Информация не найдена;Цена не найдена;Информация не найдена
Фритюрница FriFri 828;Информация не найдена;Цена не найдена;Информация не найдена
Набор посуды из нержавеющей стали Magefesa Practika;Информация не найдена;Цена не найдена;Информация не найдена
Внешний вакуумный набор VAC-NORM;Информация не найдена;Цена не найдена;Информация не найдена
Набор посуды из нержавеющей стали Magefesa Royal;Информация не найдена;Цена не найдена;Информация не найдена
Настольный стенд для вафель на палочках высотой 380 мм. Neumarker 10-40003;Информация не найдена;Цена не найдена;Информация не найдена
Набор посуды из нержавеющей стали Magefesa Dux;Информация не найдена;Цена не найдена;Информация не найдена
Крышка из калёного стекла Dejelin;Информация не найдена;Цена не найдена;Информация не найдена
Корзина для сбора сока Dejelin;Информация не найдена;Цена не найдена;Информация не найдена
Фритюрница FriFri 1905;Информация не найдена;Цена не найдена;Информация не найдена
Набор Dejelin Confort Set 65 мм.;Информация не найдена;Цена не найдена;Информация не найдена
Фритюрница FriFri 5828;Информация не найдена;Цена не найдена;Информация не найдена
Соковыжималка L'equip LJ-110.5;Информация не найдена;Цена не найдена;Информация не найдена
Решетка для вафель Neumarker 10-10060;Информация не найдена;Цена не найдена;Информация не найдена
Программатор для блендеров Blendtec SpaceSaver и Smoother;Информация не найдена;Цена не найдена;Информация не найдена
Нож Сантоку поварской серии Connoisseur 178 мм. Dexter-Russell 50-7-PCP;Информация не найдена;Цена не найдена;Информация не найдена
Нож поварской серии Connoisseur 203 мм. Dexter-Russell 50-8-PCP;Информация не найдена;Цена не найдена;Информация не найдена
Соковыжималка L'equip LJ-215;Информация не найдена;Цена не найдена;Информация не найдена
Нож поварской серии Connoisseur 254 мм. Dexter-Russell 50-10-PCP;Информация не найдена;Цена не найдена;Информация не найдена
Деревянные палочки для вафель 150x18 мм. упак. 1000 шт. Neumarker 10-90093;Информация не найдена;Цена не найдена;Информация не найдена
Насадка-экстрактор для сыродавленных масел Samson Oil Extractor;Информация не найдена;Цена не найдена;Информация не найдена
Профессиональный горизонтальный тостер Milantoast 14005;Информация не найдена;Цена не найдена;Информация не найдена
Стакан Blendtec WildSide 2,84 л.;Информация не найдена;Цена не найдена;Информация не найдена
Формирователь вафельных корзиночек Basket Press II Neumarker 31-40262;Информация не найдена;Цена не найдена;Информация не найдена
Набор посуды из нержавеющей стали Magefesa Kuchen;Информация не найдена;Цена не найдена;Информация не найдена
Рисоварка профессиональная 8 л. Neumarker 00-00336;Информация не найдена;Цена не найдена;Информация не найдена
Стакан для вспенивания холодного молока Blendtec FROTHING JAR;Информация не найдена;Цена не найдена;Информация не найдена
Боковой стол для посудомоечной машины Sammic SL-900;Информация не найдена;Цена не найдена;Информация не найдена
Anova Precision Cooker ASVPIPE 1.2 су-вид термостат (sous-vide) (упаковка с незначительными замятостями);Информация не найдена;Цена не найдена;Информация не найдена
Профессиональный горизонтальный тостер Milantoast 14055;Информация не найдена;Цена не найдена;Информация не найдена
Стакан Blendtec Twister 0,9 л.;Информация не найдена;Цена не найдена;Информация не найдена
Кольчужная перчатка Crewware MGA515XL;Информация не найдена;Цена не найдена;Информация не найдена
Кольчужная перчатка Crewware MGA515S;Информация не найдена;Цена не найдена;Информация не найдена
Кольчужная перчатка Crewware MGA515M;Информация не найдена;Цена не найдена;Информация не найдена
Кольчужная перчатка Crewware MGA515L;Информация не найдена;Цена не найдена;Информация не найдена
Формирователь вафельных конусов Cornetti Roller Neumarker 31-40290;Информация не найдена;Цена не найдена;Информация не найдена
Электрокипятильник заливной Hogastra HWT-6;Информация не найдена;Цена не найдена;Информация не найдена
Двухкамерная печь для пиццы Milantoast 15069;Информация не найдена;Цена не найдена;Информация не найдена
Стенд для установки картофелечисток моделей Sammic PP-6+ и PP-12+;Информация не найдена;Цена не найдена;Информация не найдена
Электрогриль Krampouz Authentic;Информация не найдена;Цена не найдена;Информация не найдена
Мандариновый комплект Z32 (D65 kit Speed);Информация не найдена;Цена не найдена;Информация не найдена
Мандариновый комплект Z100 (D65 kit Essential);Информация не найдена;Цена не найдена;Информация не найдена
Мандариновый комплект Z200 (D65 kit Versatile);Информация не найдена;Цена не найдена;Информация не найдена
Мармит настольный с гастроемкостью GN 1/1 Neumarker 15-50220;Информация не найдена;Цена не найдена;Информация не найдена
Пресс-гриль прижимной Milantoast 16000;Информация не найдена;Цена не найдена;Информация не найдена
Пресс-гриль прижимной Milantoast 16001;Информация не найдена;Цена не найдена;Информация не найдена
Контактный пресс-гриль Milantoast 16002;Информация не найдена;Цена не найдена;Информация не найдена
Электрокипятильник заливной Hogastra HWT-10;Информация не найдена;Цена не найдена;Информация не найдена
Электрокипятильник заливной автоматический Hogastra HWA-10;Информация не найдена;Цена не найдена;Информация не найдена
Коммерческий тостер с зажимами Milantoast 7001 (gold);Информация не найдена;Цена не найдена;Информация не найдена
Коммерческий тостер с зажимами Milantoast 7003 (red);Информация не найдена;Цена не найдена;Информация не найдена
Коммерческий тостер с зажимами Milantoast 7004 (blue);Информация не найдена;Цена не найдена;Информация не найдена
Коммерческий тостер с зажимами Milantoast 7005 (black);Информация не найдена;Цена не найдена;Информация не найдена
Мармит ламповый подвесной с куполом Neumarker 10-10554 ;Информация не найдена;Цена не найдена;Информация не найдена
Профессиональная фильтр-кофеварка Hogastra CNS-75;Информация не найдена;Цена не найдена;Информация не найдена
Ручной диспенсер жидкого теста Neumarker 00-40256;Информация не найдена;Цена не найдена;Информация не найдена
Контактный пресс-гриль Milantoast 16030;Информация не найдена;Цена не найдена;Информация не найдена
Электрокипятильник заливной Hogastra HWT-15;Информация не найдена;Цена не найдена;Информация не найдена
Профессиональная фильтр-кофеварка Hogastra CNS-100;Информация не найдена;Цена не найдена;Информация не найдена
Подогреватель шоколада 1.5l;Информация не найдена;Цена не найдена;Информация не найдена
Комплект ножей Sammic DISC AND GRID PACK FOR CA/CK-3;Информация не найдена;Цена не найдена;Информация не найдена
Жарочная поверхность с одной зоной нагрева Krampouz Saveur (витринный экземпляр);Информация не найдена;Цена не найдена;Информация не найдена
Профессиональная фильтр-кофеварка Hogastra CNS-130;Информация не найдена;Цена не найдена;Информация не найдена
Электрокипятильник заливной Hogastra HWT-20;Информация не найдена;Цена не найдена;Информация не найдена
Электрокипятильник заливной автоматический Hogastra HWA-20;Информация не найдена;Цена не найдена;Информация не найдена
"Съемная форма ""Американо"" 31-40733";Информация не найдена;Цена не найдена;Информация не найдена
Съемная форма «Бабочки» на палочках 32-40737;Информация не найдена;Цена не найдена;Информация не найдена
"Съемная форма ""Большое сердце"" 32-40720";Информация не найдена;Цена не найдена;Информация не найдена
"Съемная форма ""Вафли Тарт"" 32-40736";Информация не найдена;Цена не найдена;Информация не найдена
"Съемная форма ""Греческие вафли"" 32-40732";Информация не найдена;Цена не найдена;Информация не найдена
"Съемная форма ""Лолли"" на палочках 31-40759";Информация не найдена;Цена не найдена;Информация не найдена
Съемная форма «Мишки» на палочках 31-40731;Информация не найдена;Цена не найдена;Информация не найдена
"Съемная форма ""Сердечки"" на палочках 32-40744";Информация не найдена;Цена не найдена;Информация не найдена
"Съемная форма ""Багет вафли"" 31-40765";Информация не найдена;Цена не найдена;Информация не найдена
"Съемная форма ""Toastoo"" 31-40730";Информация не найдена;Цена не найдена;Информация не найдена
Жарочная поверхность Milantoast 17080;Информация не найдена;Цена не найдена;Информация не найдена
Соковыжималка Santos #10C;Информация не найдена;Цена не найдена;Информация не найдена
Аппарат для хот-догов NEUMARKER 13-50152;Информация не найдена;Цена не найдена;Информация не найдена
Профессиональная фильтр-кофеварка Hogastra CNS-160;Информация не найдена;Цена не найдена;Информация не найдена
Подогреватель шоколада 3.5l;Информация не найдена;Цена не найдена;Информация не найдена
Конвейерный тостер Milantoast 18001;Информация не найдена;Цена не найдена;Информация не найдена
Конвейерный тостер Milantoast 18021;Информация не найдена;Цена не найдена;Информация не найдена
Сэндвич-тостер Neumarker 12-40718E;Информация не найдена;Цена не найдена;Информация не найдена
"Вафельница ""Большое сердце"" диам. 21 см. угол 90 град. Neumerker 12-40720E";Информация не найдена;Цена не найдена;Информация не найдена
"Вафельница ""Крем вафли"" на палочках угол 90 град. Neumarker 12-40713E";Информация не найдена;Цена не найдена;Информация не найдена
"Вафельница ""Мишки"" на палочках угол 90 град. Neumarker 12-40731E";Информация не найдена;Цена не найдена;Информация не найдена
"Вафельница ""Бабочки"" на палочках угол 90 град. Neumarker 12-40737E";Информация не найдена;Цена не найдена;Информация не найдена
Сэндвич-тостер Neumarker 12-40718DT;Информация не найдена;Цена не найдена;Информация не найдена
Вафельница Baking System I Neumarker 12-40701DT;Информация не найдена;Цена не найдена;Информация не найдена
Стойка для бутылок Bottle Rack Kit Speed Pro (включает 3 полки);Информация не найдена;Цена не найдена;Информация не найдена
"Вафельница ""Мишки"" на палочках угол 90 град. Neumarker 12-40731DT";Информация не найдена;Цена не найдена;Информация не найдена
"Вафельница ""Сердечки"" на палочках угол 90 град. Neumarker 12-40711DT";Информация не найдена;Цена не найдена;Информация не найдена
"Вафельница ""Американо"" угол 90 град. Neumarker 12-40721DT";Информация не найдена;Цена не найдена;Информация не найдена
"Вафельница ""Бабочки"" на палочках угол 90 град. Neumarker 12-40737DT";Информация не найдена;Цена не найдена;Информация не найдена
"Вафельница ""Маленькое сердце"" диам. 15 см. угол 90 град. Neumarker 12-40719DT";Информация не найдена;Цена не найдена;Информация не найдена
"Вафельница ""X-вафли"" угол 90 град. Neumarker 12-40704DT";Информация не найдена;Цена не найдена;Информация не найдена
"Вафельница ""Кант"" угол 90 град. Neumarker 12-40714DT";Информация не найдена;Цена не найдена;Информация не найдена
Стол с мойкой для посудомоечной машины Sammic SL-900;Информация не найдена;Цена не найдена;Информация не найдена
"Вертикальная вафельница Neumarker ""Helios"" 12-40460 с формой ""Croustilados"" 31-40461";Информация не найдена;Цена не найдена;Информация не найдена
Картофелечистка Sammic PP-12+;Информация не найдена;Цена не найдена;Информация не найдена
Овощерезка профессиональная Sammic CA-301 в комплекте с 6 дисками ;Информация не найдена;Цена не найдена;Информация не найдена
Стаканомоечная машина Sammic SL-20D;Информация не найдена;Цена не найдена;Информация не найдена
Посудомоечная машина Sammic SL-23;Информация не найдена;Цена не найдена;Информация не найдена
Планетарный миксер Sammic BE-10;Информация не найдена;Цена не найдена;Информация не найдена
Малая витрина-дисплей для выкладки бутылочек на лед (Display Small);Информация не найдена;Цена не найдена;Информация не найдена
Соковыжималка Zumex Multifruit Cherry;Информация не найдена;Цена не найдена;Информация не найдена
Съемная форма для тарталетницы T13 31-40603;Информация не найдена;Цена не найдена;Информация не найдена
Съемная форма для тарталетницы T15 31-40604;Информация не найдена;Цена не найдена;Информация не найдена
Съемная форма для тарталетницы T24 31-40608;Информация не найдена;Цена не найдена;Информация не найдена
Съемная форма для тарталетницы T30 31-40605;Информация не найдена;Цена не найдена;Информация не найдена
Вафельница Baking System II Neumarker 12-40702DT;Информация не найдена;Цена не найдена;Информация не найдена
Овощерезка профессиональная Sammic CA-401 в комплекте с 6 дисками;Информация не найдена;Цена не найдена;Информация не найдена
Планетарный миксер Sammic BE-20;Информация не найдена;Цена не найдена;Информация не найдена
Большая витрина-дисплей для выкладки бутылочек на лед (Display Large);Информация не найдена;Цена не найдена;Информация не найдена
Купольная посудомоечная машина Sammic SL-900;Информация не найдена;Цена не найдена;Информация не найдена
Профессиональная овощерезка-куттер Sammic Combi CK-401 в комплекте с 6 дисками;Информация не найдена;Цена не найдена;Информация не найдена
Встраиваемый льдогенератор WESSAMAT BLUE-LINE W29LE;Информация не найдена;Цена не найдена;Информация не найдена
Нож для фруктов из нержавеющей стали Magefesa Roda 12 см;Информация не найдена;Цена не найдена;Информация не найдена
Диспенсер для стаканов и крышек на 4 отделения HOGA-PL3005BK;Информация не найдена;Цена не найдена;Информация не найдена
Черный 6-ти секционный органайзер для стаканов, крышек, салфеток и порционных продуктов HOGA-7UPRIGHT6BLK;Информация не найдена;Цена не найдена;Информация не найдена
Набор столовых приборов из нержавеющей стали Magefesa Sevilla 24 шт.;Информация не найдена;Цена не найдена;Информация не найдена
Диск FR-3+ терка с отверстиями 3 мм.;Информация не найдена;Цена не найдена;Информация не найдена
Бамбуковый диспенсер для стаканов и крышек Mind Reader CUPDISPBM-BRN;Информация не найдена;Цена не найдена;Информация не найдена
Сменный картридж BRITA PURITY C50;Информация не найдена;Цена не найдена;Информация не найдена
Нож обвалочный узкий Connoisseur 152 мм. Dexter-Russell 50-6N-PCP;Информация не найдена;Цена не найдена;Информация не найдена
Нож хлебный серии Connoisseur 228 мм. Dexter-Russell 50-9SC-PCP;Информация не найдена;Цена не найдена;Информация не найдена
Сменный картридж BRITA PURITY C150;Информация не найдена;Цена не найдена;Информация не найдена
Фильтр BRITA PURITY C50 QUELL ST (БАЙПАСС 30%);Информация не найдена;Цена не найдена;Информация не найдена
Фритюрница FriFri 1948;Информация не найдена;Цена не найдена;Информация не найдена
Стакан Blendtec JAR KIT FS 1,8 л.;Информация не найдена;Цена не найдена;Информация не найдена
Вафельница «Льежские вафли» Frifri WA102;Информация не найдена;Цена не найдена;Информация не найдена
Вафельница «Брюссельские вафли» Frifri WA102A;Информация не найдена;Цена не найдена;Информация не найдена
Вафельница «вафельный лист» Frifri WA102K (Без оригинальной упаковки);Информация не найдена;Цена не найдена;Информация не найдена
"Сэндвичница ""Крок-месье"" Frifri Toasty WA102C";Информация не найдена;Цена не найдена;Информация не найдена
Фильтр BRITA PURITY C150 QUELL ST (БАЙПАСС 30%);Информация не найдена;Цена не найдена;Информация не найдена
Сменный картридж BRITA PURITY C300;Информация не найдена;Цена не найдена;Информация не найдена
Вафельница «Брюссельские вафли» Frifri Twins WA103;Информация не найдена;Цена не найдена;Информация не найдена
Вафельница «Льежские вафли» Frifri Twins WA103 (форма M003);Информация не найдена;Цена не найдена;Информация не найдена
Фильтр BRITA PURITY C300 QUELL ST (БАЙПАСС 30%);Информация не найдена;Цена не найдена;Информация не найдена
Профессиональный погружной блендер Sammic TR-200;Информация не найдена;Цена не найдена;Информация не найдена
Кольчужная перчатка Crewware MGA515XS;Информация не найдена;Цена не найдена;Информация не найдена
Профессиональный погружной блендер Sammic TR-250;Информация не найдена;Цена не найдена;Информация не найдена
Сменный картридж BRITA PURITY C500;Информация не найдена;Цена не найдена;Информация не найдена
Фильтр BRITA PURITY C500 QUELL ST (БАЙПАСС 30%);Информация не найдена;Цена не найдена;Информация не найдена
Соковыжималка Santos EVOLUTION #70;Информация не найдена;Цена не найдена;Информация не найдена
Вакуумный упаковщик Sammic SV-310T;Информация не найдена;Цена не найдена;Информация не найдена
Посудомоечная машина Sammic SL-350;Информация не найдена;Цена не найдена;Информация не найдена
Съемная форма для тарталетницы T9 31-40602;Информация не найдена;Цена не найдена;Информация не найдена
Blendtec Stealth 895 NBS коммерческий блендер ;Информация не найдена;Цена не найдена;Информация не найдена
Льдогенератор WESSAMAT BLUE-LINE W19W;Информация не найдена;Цена не найдена;Информация не найдена
Льдогенератор WESSAMAT BLUE-LINE W29W;Информация не найдена;Цена не найдена;Информация не найдена
Профессиональная соковыжималка автоматическая для цитрусовых ZumeX Essential Pro Orange;Информация не найдена;Цена не найдена;Информация не найдена
Встраиваемый льдогенератор Wessamat LifeLine W20W;Информация не найдена;Цена не найдена;Информация не найдена
